<?xml version='1.0' encoding='UTF-8' ?>
<timeLogEntries>
  <time id="2" path="/Non Project/PSP0/Code" start="@1502554698000" delta="381" />
  <time id="1" path="/Non Project/PSP0/Planning" start="@1502461056000" delta="15" />
  <time id="4" path="/Non Project/PSP0/Code" start="@1502461977000" delta="129" />
  <time id="5" path="/Non Project/PSP0/Code" start="@1502490357000" delta="97" />
  <time id="6" path="/Non Project/U1_L3/PSP0/Planning" start="@1503153482134" delta="17" />
  <time id="7" path="/Non Project/U1_L3/PSP0/Code" start="@1503154486281" delta="76" />
  <time id="8" path="/Non Project/U1_L3/PSP0/Code" start="@1503170709000" delta="383" />
  <time id="9" path="/Non Project/U2_L1/PSP0/Planning" start="@1503613561542" delta="111" />
  <time id="10" path="/Non Project/U2_L1/PSP0/Code" start="@1503627226834" delta="50" />
  <time id="11" path="/Non Project/U2_L1/PSP0/Code" start="@1503671729000" delta="24" />
  <time id="12" path="/Non Project/U2_L1/PSP0/Planning" start="@1503673199217" delta="52" />
  <time id="13" path="/Non Project/U2_L1/PSP0/Code" start="@1503861792000" delta="265" />
  <time id="14" path="/Non Project/U2_L1/PSP0/Code" start="@1503689015000" delta="53" />
  <time id="15" path="/Non Project/U2_L1/PSP0/Code" start="@1503783659000" delta="103" />
  <time id="16" path="/Non Project/U2_L2/PSP0/Planning" start="@1504226530000" delta="40" />
  <time id="17" path="/Non Project/U2_L2/PSP0/Planning" start="@1504275124000" delta="27" />
  <time id="18" path="/Non Project/U2_L2/PSP0/Code" start="@1504276777000" delta="71" />
  <time id="19" path="/Non Project/U2_L2/PSP0/Code" start="@1504266308000" delta="190" />
  <time id="20" path="/Non Project/U2_L2/PSP0/Code" start="@1504361432000" delta="233" />
  <time id="21" path="/Non Project/U2_L2/PSP0/Code" start="@1504338380000" delta="305" />
  <time id="26" path="/Non Project/U3_L2/PSP0/Planning" start="@1505997464000" delta="19" />
  <time id="27" path="/Non Project/U3_L2/PSP0/Code" start="@1505998617328" delta="36" />
  <time id="28" path="/Non Project/U3_L2/PSP0/Code" start="@1506090111000" delta="81" />
  <time id="29" path="/Non Project/U3_L2/PSP0/Code" start="@1506107764000" delta="73" />
  <time id="30" path="/Non Project/U3_L2/PSP0/Code" start="@1506188786000" delta="121" />
  <time id="31" path="/Non Project/U4_L1/PSP0/Planning" start="@1506640630000" delta="40" />
  <time id="32" path="/Non Project/U4_L1/PSP0/Code" start="@1506694951000" delta="97" />
  <time id="33" path="/Non Project/U4_L1/PSP0/Code" start="@1506725823000" delta="266" />
  <time id="34" path="/Non Project/U4_L1/PSP0/Code" start="@1506809517953" delta="90" />
  <time id="35" path="/Non Project/U4_L2/PSP0/Planning" start="@1507252831000" delta="40" />
  <time id="37" path="/Non Project/U4_L2/PSP0/Code" start="@1507253469000" delta="77" />
  <time id="38" path="/Non Project/U4_L2/PSP0/Code" start="@1507299821000" delta="100" />
  <time id="39" path="/Non Project/U4_L2/PSP0/Code" start="@1507335849000" delta="31" />
  <time id="40" path="/Non Project/U5_L1/PSP0/Planning" start="@1508416307000" delta="23" />
  <time id="42" path="/Non Project/U5_L1/PSP0/Code" start="@1508416836000" delta="77" />
  <time id="43" path="/Non Project/U5_L1/PSP0/Code" start="@1508508623000" delta="217" />
  <time id="44" path="/Non Project/U5_L1/PSP0/Code" start="@1508599288000" delta="14" />
  <time id="45" path="/Non Project/U5_L2/PSP0/Planning" start="@1509068111000" delta="18" />
  <time id="46" path="/Non Project/U5_L2/PSP0/Code" start="@1509113772000" delta="221" />
  <time id="47" path="/Non Project/U5_L2/PSP0/Code" start="@1509140773000" delta="37" />
  <time id="48" path="/Non Project/U6_L1/PSP0/Planning" start="@1509625504014" delta="9" />
  <time id="49" path="/Non Project/U6_L1/PSP0/Code" start="@1509626035670" delta="54" />
  <time id="50" path="/Non Project/U6_L1/PSP0/Code" start="@1509718834063" delta="92" />
  <time id="51" path="/Non Project/U6_L1/PSP0/Code" start="@1509833720733" delta="154" />
  <time id="52" path="/Non Project/U3_L1/PSP0/Code" start="@1524339651839" delta="368" />
  <time id="53" path="/Non Project/U3_L1/PSP0/Code" start="@1524432869867" delta="361" />
  <time id="54" path="/Non Project/U3_L1/PSP0/Code" start="@1524705639000" delta="277" />
  <time id="55" path="/Non Project/U3_L1/PSP0/Code" start="@1524620731000" delta="75" />
  <time id="56" path="/Non Project/U3_L1/PSP0/Code" start="@1524536523000" delta="31" />
  <time id="57" path="/Non Project/U3_L1/PSP0/Planning" start="@1524342182000" delta="21" />
  <time id="58" path="/Non Project/U3_L1/PSP0/Planning" start="@1534197973126" delta="27" />
  <time id="59" path="/Non Project/U3_L1/PSP0/Planning" start="@1534562220521" delta="144" />
  <time id="60" path="/Non Project/U3_L1/PSP0/Design" start="@1534616501223" delta="85" />
  <time id="61" path="/Non Project/U3_L1/PSP0/Code" start="@1534621578406" delta="147" />
  <time id="62" path="/Proyecto/Taller2_GMaps_DM_ManuelQuintero/PSP0/Planning" start="@1534630410768" delta="52" />
  <time id="63" path="/Proyecto/Taller2_GMaps_DM_ManuelQuintero/PSP0/Design" start="@1534634770917" delta="47" />
  <time id="64" path="/Proyecto/Taller2_GMaps_DM_ManuelQuintero/PSP0/Code" start="@1534712479678" delta="113" />
  <time id="65" path="/Proyecto/Taller2_GMaps_DM_ManuelQuintero/PSP0/Code" start="@1534783316480" delta="241" />
  <time id="66" path="/Proyecto/Taller2_GMaps_DM_ManuelQuintero/PSP0/Code" start="@1534621920000" delta="211" />
</timeLogEntries>
