<?xml version='1.0' encoding='UTF-8' ?>
<timeLogEntries>
  <time id="1" path="/Aves/PSP1/Planning" start="@1502571324605" delta="5" />
  <time id="2" path="/Aves/PSP1/Design" start="@1502571616032" delta="16" />
  <time id="3" path="/Aves/PSP1/Code" start="@1502572582915" delta="41" />
  <time id="4" path="/Aves/PSP1/Code" start="@1502577692489" delta="25" />
  <time id="5" path="/Aves/PSP1/Code" start="@1502760335426" delta="66" />
  <time id="6" path="/Aves/PSP1/Code" start="@1502766034265" delta="77" />
  <time id="7" path="/Aves/PSP1/Code" start="@1502772545325" delta="18" />
  <time id="8" path="/Aves/PSP1/Code" start="@1502846252876" delta="38" />
  <time id="9" path="/Laboratorio_U1l31/PSP1/Planning" start="@1502972157848" delta="7" />
  <time id="10" path="/Laboratorio_U1l31/PSP1/Planning" start="@1503065821172" delta="69" />
  <time id="11" path="/Laboratorio_U1l31/PSP1/Design" start="@1503069946023" delta="6" />
  <time id="12" path="/Laboratorio_U1l31/PSP1/Code" start="@1503204432767" delta="119" />
  <time id="13" path="/Laboratorio_U2L1/PSP1/Planning" start="@1503579667745" delta="12" />
  <time id="14" path="/Laboratorio_U2L1/PSP1/Design" start="@1503671325442" delta="42" />
  <time id="15" path="/Laboratorio_U2L1/PSP1/Design" start="@1503812822761" delta="78" />
  <time id="16" path="/Laboratorio_U2L1/PSP1/Code" start="@1503817506356" delta="46" />
  <time id="17" path="/Laboratorio_U3L2/PSP1/Planning" start="@1506091195853" delta="10" />
  <time id="18" path="/Laboratorio_U3L2/PSP1/Design" start="@1506091811768" delta="1" />
  <time id="19" path="/Laboratorio_U3L2/PSP1/Code" start="@1506091827725" delta="1" />
  <time id="20" path="/Laboratorio_U3L2/PSP1/Code" start="@1506194091441" delta="1" />
  <time id="21" path="/Laboratorio_U3L2/PSP1/Code" start="@1506194129428" delta="196" />
  <time id="22" path="/Laboratorio_U4L1/PSP1/Planning" start="@1506689162317" delta="57" interrupt="25" />
  <time id="23" path="/Laboratorio_U4L1/PSP1/Design" start="@1506694141432" delta="44" />
  <time id="24" path="/Laboratorio_U4L1/PSP1/Code" start="@1506877747685" delta="333" />
  <time id="25" path="/Laboratorio_U4L2/PSP1/Planning" start="@1507247979682" delta="4" />
  <time id="26" path="/Laboratorio_U4L2/PSP1/Design" start="@1507248214280" delta="1" />
  <time id="27" path="/Laboratorio_U4L2/PSP1/Code" start="@1507248215665" delta="66" />
  <time id="28" path="/Laboratorio_U4L2/PSP1/Code" start="@1507253635670" delta="139" />
  <time id="29" path="/Laboratorio_U4L3/PSP1/Planning" start="@1507809930728" delta="1" />
  <time id="30" path="/Laboratorio_U4L3/PSP1/Design" start="@1507810013608" delta="1" />
  <time id="31" path="/Laboratorio_U4L3/PSP1/Code" start="@1507810014766" delta="59" />
  <time id="32" path="/Laboratorio_U4L2/PSP1/Code" start="@1507814125182" delta="12" />
  <time id="33" path="/Laboratorio_U5L1/PSP1/Planning" start="@1508463908205" delta="61" />
  <time id="34" path="/Laboratorio_U5L1/PSP1/Design" start="@1508467561510" delta="1" />
  <time id="35" path="/Laboratorio_U5L1/PSP1/Code" start="@1508467562000" delta="302" />
  <time id="36" path="/Proyecto_Final/PSP1/Planning" start="@1508974049647" delta="15" />
  <time id="37" path="/Proyecto_Final/PSP1/Design" start="@1508974396021" delta="6" />
  <time id="38" path="/Proyecto_Final/PSP1/Design" start="@1508975550000" delta="30" />
  <time id="39" path="/Proyecto_Final/PSP1/Code" start="@1508975594804" delta="68" interrupt="126" />
  <time id="40" path="/Laboratorio_U6L1/PSP1/Planning" start="@1509718212536" delta="5" />
  <time id="41" path="/Laboratorio_U6L1/PSP1/Design" start="@1509718491271" delta="1" />
  <time id="42" path="/Laboratorio_U6L1/PSP1/Code" start="@1509920127867" delta="132" />
  <time id="43" path="/Laboratorio_U6L2/PSP1/Design" start="@1510429726061" delta="20" />
  <time id="44" path="/Laboratorio_U6L2/PSP1/Planning" start="@1510429731000" delta="5" />
  <time id="46" path="/Laboratorio_U6L2/PSP1/Code" start="@1510429757743" delta="171" />
  <time id="47" path="/Proyecto_Final/PSP1/Code" start="@1480369711000" delta="183" interrupt="62" />
  <time id="48" path="/Proyecto_Final/PSP1/Test" start="@1512510640413" delta="1" />
  <time id="49" path="/Proyecto_Final/PSP1/Postmortem" start="@1512510640847" delta="10" interrupt="30" />
  <time id="50" path="/Proyecto_Final/PSP1/Code" start="@1575150754000" delta="91" interrupt="129" />
  <time id="51" path="/Laboratorio_U1L1/PSP1/Planning" start="@1517462721000" delta="131" />
  <time id="53" path="/Laboratorio_U1L1/PSP1/Code" start="@1518413181000" delta="883" />
  <time id="54" path="/Laboratorio_U1L1/PSP1/Design" start="@1518415896121" delta="272" />
  <time id="55" path="/Laboratorio_U2L1/PSP1/Planning" start="@1519355352424" delta="10" />
  <time id="56" path="/Laboratorio_U2L1/PSP1/Planning" start="@1519356436202" delta="132" />
  <time id="57" path="/Laboratorio_U2L1/PSP1/Planning" start="@1520455527338" delta="2" />
  <time id="58" path="/Laboratorio_U2L1/PSP1/Design" start="@1520469949802" delta="157" />
  <time id="59" path="/Taller 2/PSP0/Planning" start="@1534435731251" delta="2" />
  <time id="60" path="/Taller 2/PSP0/Planning" start="@1534436391226" delta="12" />
  <time id="61" path="/Taller 2/PSP0/Design" start="@1534437833065" delta="50" />
  <time id="62" path="/Taller 2/PSP0/Design" start="@1534561959020" delta="105" />
  <time id="63" path="/Taller 2/PSP0/Code" start="@1534614355474" delta="64" />
</timeLogEntries>
